podcast_id,title,host,category,language,avg_rating,num_episodes,release_year
1,Phone if full.,Christopher Cruz,Comedy,German,4.09,625,2021
2,Society though unit fact.,Tricia Roberts,True Crime,Chinese,2.59,442,2009
3,Section among.,Brian Bradley,Comedy,Hindi,2.66,981,2024
4,Serious would site long fear.,Daniel Trevino,Music,Portuguese,4.35,276,2011
5,Seven several leg throw.,Jesse Jones,Sports,Russian,4.56,273,2010
6,Official far whether seem.,Jeffery Tran,News,Hindi,2.99,363,2017
7,Law ago season.,Sara Sanders,Society,Italian,3.12,992,2021
8,Sit beat model upon.,Tiffany Jones,Business,Italian,3.51,530,2007
9,Popular represent.,James Gutierrez,Business,German,4.19,962,2011
10,Court quality seek.,Lisa Juarez,Business,French,3.62,820,2020
11,Hair subject modern.,David Washington,Music,Spanish,4.45,953,2016
12,Sense value hold.,Hailey Boyd,Science,Portuguese,4.81,379,2012
13,Relate here anything.,Julie Hoffman,Technology,Russian,2.86,124,2012
14,Specific some.,Alicia Castillo,Society,Italian,3.22,788,2014
15,Think allow prove.,Steven Jones,Music,Spanish,3.02,322,2005
16,Number kitchen phone.,April Nixon,News,Arabic,4.86,981,2020
17,Call man.,Todd Valdez,Business,Portuguese,4.87,317,2008
18,Move may.,Sarah Stevenson,Technology,Russian,4.99,927,2025
19,Down would former.,Diane Hill,Society,Portuguese,3.49,363,2024
20,Player product remain deal.,Beth Ryan,Business,Arabic,2.3,306,2020
21,Car door so team.,Luis Robinson,Science,Italian,2.38,753,2015
22,Author month star manage water.,Beth Patterson,Lifestyle,German,4.18,181,2016
23,Answer few sport.,Kayla Yu,Science,Portuguese,2.27,830,2006
24,On executive number but research.,Colleen Cruz,Music,Russian,4.69,444,2023
25,Show once.,Justin Chapman,Comedy,Arabic,3.02,935,2016
26,Decision name product.,Alyssa Jones,Science,Chinese,3.8,560,2014
27,Including and window live.,Christopher Newman,Education,Arabic,2.49,444,2023
28,Center material.,Jennifer Morris DVM,Business,Arabic,3.29,998,2020
29,Candidate behavior film western.,Briana Dudley,Education,Chinese,4.26,957,2007
30,Might big stop.,Cassandra Shaffer,Politics,French,4.21,944,2014
31,Dark will everything.,Keith Smith,True Crime,Portuguese,2.87,428,2012
32,Able defense call oil indeed.,Laurie Graves,Music,German,4.39,438,2019
33,Group other above.,Kendra Williams,Lifestyle,English,3.99,679,2009
34,Land ten partner yourself wait.,Lindsey Smith,History,German,2.81,656,2024
35,Amount sign be.,Todd Long,History,Hindi,3.81,974,2017
36,Middle within fact.,Michelle Wheeler,Science,Arabic,3.16,599,2024
37,Cup important decision.,Kevin West,Technology,Chinese,4.33,931,2015
38,World no already particularly.,David Parsons,Comedy,Chinese,3.45,244,2014
39,Growth which whom area.,Kevin Ortega,Music,Chinese,4.73,383,2024
40,Company away according push.,Rachel Harrison,Society,Chinese,2.35,579,2023
41,Role final able.,Mark Taylor,Society,German,3.24,697,2011
42,There doctor movie action.,Paul Chen,Lifestyle,Chinese,3.96,228,2005
43,Partner heart address cold.,Kim Bowen,Politics,Chinese,2.11,781,2008
44,Concern star allow.,Michael Johns DDS,Science,German,2.73,115,2012
45,Share see economic relate.,Brittany King,Business,Portuguese,4.7,606,2014
46,Rest election director herself whether.,Samuel Oconnor,Health,French,4.78,736,2024
47,Approach simple cover each.,Susan Daniels,Business,French,3.98,424,2010
48,Doctor born allow.,Kaylee Garza,Society,English,2.35,488,2008
49,Machine after appear it seat.,Jason Jacobs,Sports,Portuguese,3.43,491,2022
50,Strong rock major.,Logan Brown,Lifestyle,English,4.95,149,2018
51,Difficult management probably themselves.,Brandon Gonzalez,Business,German,3.15,633,2011
52,Feeling feel spring.,Derek Green,Lifestyle,Portuguese,4.75,36,2010
53,Degree sell painting.,Jennifer Dunn,Society,Arabic,2.67,691,2021
54,Own out me seven.,Tonya Dunn,History,Chinese,2.85,487,2006
55,Along age baby.,Renee Nguyen,Sports,Portuguese,2.7,867,2008
56,Medical method thousand do why.,Casey Sheppard,Sports,Arabic,4.96,885,2010
57,Clear ready also bill nor.,Bradley Lee,Lifestyle,Russian,2.53,445,2022
58,Win serve technology address resource.,Noah Roth,Lifestyle,English,2.5,13,2009
59,Threat score center.,Andrea Rosales,News,German,2.59,942,2012
60,Yet add style fast.,Andrew Montoya,Society,Russian,3.75,639,2018
61,Measure oil.,Jenny Anderson,Music,Spanish,3.86,524,2018
62,Four speak attack actually million.,Larry Harrison,Science,Chinese,4.08,852,2019
63,Just time hair pull.,Chad Mendez,Comedy,Hindi,4.47,210,2022
64,Great kind hospital.,Kirsten Garcia,News,Arabic,4.28,966,2011
65,Statement great couple.,Bobby Wolfe,History,English,4.6,430,2025
66,However off imagine country.,Brandon Stewart,Politics,Chinese,4.12,356,2009
67,Really cover reveal fear.,Bill Boyle,Business,Hindi,3.65,520,2019
68,Position later voice.,William Chan,Sports,German,3.5,308,2024
69,To happy beautiful.,Kathryn Williams,Business,Hindi,4.73,927,2016
70,Particularly anything require free.,Alyssa Nelson,Technology,German,4.19,247,2023
71,And trade spend.,Jonathan Richard,Health,English,3.94,815,2023
72,Keep modern surface evening answer.,Linda Rodriguez,Technology,German,2.75,302,2006
73,Stock account.,Douglas Fisher,News,Hindi,2.98,100,2005
74,Hour course movement act.,Brian Thornton,Comedy,Arabic,3.73,303,2009
75,Sometimes college analysis.,Thomas Miller,Business,Spanish,2.62,100,2013
76,Message lay energy economic pretty.,Mason Gray,Comedy,Portuguese,3.75,411,2013
77,Doctor stage newspaper word.,Lisa Cortez,Business,German,3.58,134,2020
78,Fill free policy throughout.,Christopher Jones,Politics,English,4.97,931,2009
79,Mr feel.,Brian Richardson,Lifestyle,Italian,3.01,473,2005
80,Cell space finally.,Patricia Bradford,Comedy,Italian,2.49,372,2014
81,Make final school every.,Erica Howard,Science,Russian,3.44,659,2016
82,Impact attorney shake bit.,Amy Smith DDS,Lifestyle,Russian,2.97,186,2014
83,Consider soldier administration.,Jason Kane,Music,Italian,3.06,951,2012
84,Summer threat national budget.,Kathryn Murillo,Music,Portuguese,4.09,217,2005
85,Two anyone program middle result.,Cathy Lopez,Society,German,3.38,394,2015
86,Production address population field model.,Molly Brown,Science,Chinese,3.23,57,2018
87,Tough leave investment onto.,Mrs. Nicole Ryan,Comedy,Portuguese,2.22,200,2006
88,Example face bar may expect.,Matthew Kramer,Lifestyle,Portuguese,4.05,308,2021
89,Popular out so for.,Sherry Boyd,Science,Russian,2.54,982,2010
90,Shake move customer.,Teresa Randall,Technology,Arabic,3.3,35,2009
91,Room car religious.,David Thompson,History,Russian,3.49,355,2025
92,Maybe pretty know mission certainly.,Christopher Thomas,Philosophy,Chinese,2.02,410,2008
93,Vote approach increase wall.,Richard Garcia,Music,Portuguese,4.69,275,2010
94,Material challenge white guy.,Jesse Kline,News,Spanish,2.25,748,2006
95,Rule small skill very.,William Washington,Comedy,English,3.05,21,2011
96,Let address mother enough.,Christopher Mcintosh,Sports,Spanish,3.99,574,2017
97,Key table attention left.,Andrew Davis,Education,Spanish,4.01,28,2013
98,Night page where drive.,Tammie Jones,Comedy,Chinese,4.84,712,2015
99,Class west building begin west.,Austin Williamson,Society,Spanish,3.02,948,2022
100,Whom chair talk attention.,Jennifer Francis,News,French,4.07,400,2009
101,Former activity.,Brian Gay,Sports,Portuguese,3.77,474,2010
102,Land moment interest religious.,Robert Mitchell,Health,French,3.94,301,2024
103,Beautiful check.,Amber Romero,Politics,Portuguese,4.48,756,2008
104,Effort plan.,Jeremy Garza,Education,Hindi,3.5,435,2016
105,Analysis former really.,Jenny Harris,Politics,Portuguese,4.77,782,2023
106,Production above already kind.,Kristen Hawkins,True Crime,Spanish,2.2,30,2024
107,Research use close drug.,Samuel Gutierrez,Philosophy,Hindi,3.46,553,2006
108,Play moment second allow focus.,Robert Brown,Philosophy,Spanish,3.73,90,2017
109,Always candidate reduce strong.,Bailey Aguilar,Technology,Hindi,2.22,353,2013
110,Instead financial paper.,Roger Moody,Comedy,Portuguese,4.02,319,2024
111,Lead goal war.,Tara Wyatt,True Crime,Russian,3.66,237,2021
112,Hear include risk leg despite.,Rickey Miller,Science,German,4.58,517,2015
113,Finish successful cut try.,John Meza,True Crime,Portuguese,3.08,989,2025
114,Record before air which.,Richard Collins,Business,Spanish,4.13,800,2010
115,Should return allow visit.,Rodney Perry,News,Hindi,3.19,694,2022
116,Experience control floor.,Erica Perez,Lifestyle,Arabic,2.05,636,2021
117,Computer road catch.,Rhonda Munoz,Science,French,3.01,869,2016
118,Green in one.,Carrie Atkinson,Comedy,Portuguese,4.21,614,2024
119,Wonder challenge space institution head.,Richard White,True Crime,German,4.86,971,2018
120,Dream great board community form.,David Fernandez,Sports,Portuguese,4.04,364,2022
121,Official analysis in responsibility.,Hayley Cooper MD,Philosophy,Spanish,3.5,722,2014
122,Fund beautiful easy short.,Donald Barber,Philosophy,Spanish,2.22,394,2014
123,True perform case mission common.,Kaitlyn Parks,Lifestyle,English,4.4,912,2013
124,Trouble small truth.,Sandra May,Politics,Arabic,3.07,900,2008
125,Music nation gas investment.,Kimberly Carter,Business,Hindi,4.11,862,2007
126,Describe every commercial hair.,Rebecca Lindsey,Philosophy,Russian,2.78,147,2006
127,Focus try some.,Joseph Coleman,History,Italian,2.37,979,2016
128,Theory moment challenge policy.,Melissa Serrano,Lifestyle,Portuguese,2.64,858,2014
129,Some short choose.,Ryan Velazquez,History,Italian,2.51,165,2024
130,Health even toward live.,Alexis Ortiz,Sports,Chinese,4.45,550,2024
131,Minute true.,Lisa Parker,News,Italian,2.21,362,2006
132,In recognize late deal indicate.,Brent Johnson,True Crime,English,4.72,337,2015
133,Imagine newspaper subject.,Mark Phillips,Sports,English,2.08,451,2024
134,Foreign mention figure rate tell.,Douglas Serrano,Science,Hindi,2.92,199,2006
135,Town argue look.,Gerald Morales,Music,English,3.01,894,2018
136,Travel yes professor.,Keith Hudson,Comedy,Portuguese,3.01,794,2015
137,Will now offer party.,Rita Rodriguez,Philosophy,Chinese,3.63,851,2011
138,Collection though.,Daniel Mclaughlin,Science,Russian,3.66,914,2021
139,Free maintain couple.,Gerald Lewis,Lifestyle,English,2.03,150,2025
140,Fear stay.,Sheila Baker,Lifestyle,Russian,4.1,500,2007
141,Class account simple.,Richard Hall,Philosophy,Spanish,2.47,687,2022
142,Throughout thank wear meet.,Charles Russell,Technology,Arabic,3.25,685,2021
143,High develop perform.,Holly Rodriguez,Education,Italian,2.61,963,2022
144,Person write show enter laugh.,Mary Delgado,Comedy,English,4.63,964,2014
145,Life about begin.,Jason Griffin,Education,Hindi,3.6,269,2022
146,Sure page.,Heidi Humphrey,Politics,German,4.36,499,2009
147,Same read home wrong.,Tyler Larson,Society,English,4.88,527,2017
148,Area store probably whole.,Bruce Elliott,History,Chinese,3.65,393,2008
149,Position form card.,Rachael Gardner,Health,Chinese,4.62,600,2018
150,Third yourself produce.,Maria Rodriguez,Philosophy,Spanish,2.1,804,2015
151,Challenge north side them.,Kendra Flowers,Health,French,2.22,57,2005
152,Treat data suggest attack.,Dr. Crystal Snyder,Education,English,3.52,788,2024
153,However team everybody debate professor.,Lauren Morris,Health,Russian,2.12,640,2020
154,Out close week kid.,Caitlyn Hale,Society,Spanish,4.19,958,2019
155,Capital energy safe.,Carlos Lewis,Society,English,3.02,227,2024
156,Green nation.,Jennifer Rodriguez,History,English,3.41,837,2007
157,Mind lawyer think son.,Miguel Stevens,History,Chinese,2.49,95,2005
158,Education finally continue.,Ronald Haley,Technology,Hindi,2.2,340,2018
159,Success trip detail.,Traci Herrera,Science,Russian,3.09,884,2005
160,Easy across data forward.,Sara Davis,Music,Arabic,3.54,62,2018
161,Event evening month machine.,James Palmer PhD,Health,German,3.57,77,2017
162,Drive reach within hundred.,Marcus Anderson,Philosophy,Spanish,2.6,921,2006
163,Activity billion yes young.,Gregory Kelly,Philosophy,German,3.64,443,2011
164,Hundred two life pretty man.,Kyle Walters,Education,Portuguese,2.33,968,2011
165,Purpose customer.,Gina Ward,Lifestyle,Portuguese,4.66,594,2007
166,Soon sing indeed until.,Anthony Reynolds,History,Portuguese,3.07,113,2008
167,Point hair pretty until.,Amanda Vaughn,Philosophy,Arabic,2.6,118,2013
168,Figure difficult require house.,Trevor Adams,Sports,Spanish,4.9,225,2014
169,Program available dinner weight.,Raven Smith,Technology,Russian,2.54,670,2010
170,Congress similar house similar her.,Scott Williams,Science,French,2.67,189,2017
171,Relationship lead however land enjoy.,Mark Cain,Music,Portuguese,3.61,624,2021
172,Report Mrs owner everything.,Diane Park,Sports,Arabic,3.98,697,2013
173,Together often week.,Elizabeth Hernandez,Education,Portuguese,2.22,798,2007
174,Figure media.,Collin Lewis,Politics,English,3.59,336,2016
175,Just there no.,Kevin Bennett,Politics,French,2.51,892,2019
176,Family wait develop author address.,Michael Carson,Education,Russian,4.52,739,2018
177,Choice consumer be so.,Ross Sanchez,Education,Arabic,3.56,274,2018
178,Interesting another staff.,Nicole Campbell,Philosophy,Hindi,3.09,320,2018
179,Choice perform.,Edward Williams,Politics,German,3.32,689,2005
180,Teach performance improve.,Nicole Lopez,Sports,Arabic,4.75,786,2008
181,Region garden wide analysis somebody.,Jasmine Fox,Sports,Arabic,2.73,673,2008
182,Heavy term.,Gloria Patel,True Crime,Chinese,2.49,474,2016
183,Little up type.,Kenneth Brown,Philosophy,English,4.67,810,2013
184,Even career drug education follow.,Terry Rhodes,Business,Hindi,4.94,726,2017
185,Interesting way approach computer.,Todd Conley,History,English,4.42,850,2018
186,Still star coach.,Thomas Wilcox,History,Portuguese,3.79,985,2006
187,Lay anyone.,Dakota Freeman,Health,German,3.05,213,2016
188,Performance media size spend one.,Tyler Mcgee,Business,French,4.86,41,2013
189,Book sort again theory.,Miguel Murray,Technology,Arabic,2.06,694,2012
190,Rock five high east guess.,Andrea Garcia,Technology,German,2.14,173,2010
191,Policy tend parent no least.,Jason Gutierrez,Comedy,Russian,2.08,950,2011
192,Have enjoy.,Joshua Gates,History,English,2.46,706,2005
193,Most air.,Brittany Taylor,Science,Chinese,2.16,386,2006
194,Bed air.,Joseph Hunt,Education,French,2.78,251,2013
195,Place contain here turn couple.,Shawn Randall,Health,English,3.53,991,2020
196,Easy help nearly.,Daniel Gibson,Business,Chinese,3.3,744,2022
197,Serve north compare leader from.,Susan Duffy,News,English,3.0,717,2021
198,Food each fast.,Benjamin Burton,News,Hindi,3.23,292,2006
199,Pressure red.,Stephen Ward,Science,French,3.31,333,2012
200,Statement together big life.,Darrell Wood III,Comedy,Italian,3.99,924,2019
201,Collection south source.,Lisa Vang,Lifestyle,Spanish,2.8,807,2013
202,Mention four accept speech individual.,William Rogers,Music,Chinese,4.26,170,2022
203,Treatment here detail hundred yet.,Danielle Blankenship,Science,English,2.14,341,2009
204,Similar other size subject.,Michael Hughes,Politics,French,2.87,762,2015
205,Course page that glass.,Douglas Nielsen,Business,Chinese,3.22,494,2024
206,North so.,Caitlin Martinez,Politics,French,4.94,758,2015
207,Your hotel.,Joshua Travis,History,English,3.29,455,2015
208,Myself edge interview military.,Lauren Gonzales,Science,Arabic,3.42,851,2021
209,Control article floor note public.,Melissa Flores,News,Russian,2.95,268,2022
210,Other car.,Mr. Michael Smith PhD,Politics,Spanish,3.46,493,2008
211,Happy huge method audience.,Melinda Butler,Sports,Russian,4.14,201,2012
212,So prove natural college.,Ashley Miles,Sports,Italian,4.12,885,2019
213,It race interest performance figure.,William Myers,True Crime,German,4.21,827,2015
214,Foreign ball thank surface.,Patrick Smith,True Crime,English,4.57,577,2025
215,Over about meet.,Corey Fox,History,French,3.46,310,2023
216,Brother father blood.,Donna Mclaughlin,Philosophy,Russian,2.43,781,2007
217,Reality best own recently.,Dale Martinez,Sports,Italian,2.92,128,2019
218,Choose final represent.,Trevor Rangel,Comedy,Chinese,4.22,519,2008
219,Page remember.,Abigail Collins,Philosophy,Russian,2.15,67,2012
220,Democratic interview.,Michael Ray,Health,French,2.35,111,2024
221,Expert catch.,Matthew Frost,Education,Arabic,2.37,190,2012
222,Want to prove exactly.,Jason Hanson,True Crime,Russian,2.15,581,2008
223,Nice war would ground.,Michael Schroeder,Technology,Italian,3.41,397,2015
224,Decision deal raise series technology.,Lauren Johnson,Health,Chinese,2.16,708,2018
225,Government quite claim edge turn.,Bradley Higgins,Technology,English,4.65,273,2017
226,Almost listen.,Colleen Brown,Lifestyle,English,2.61,766,2008
227,He worker return beautiful.,James Scott,Lifestyle,Hindi,3.95,66,2010
228,Party raise.,Catherine Williams,Sports,French,3.43,457,2023
229,All matter program.,Jessica Ross,True Crime,Portuguese,4.13,603,2019
230,Reflect example nothing leg describe.,Mrs. Julie Cox,Philosophy,Italian,2.09,44,2019
231,Especially yard no away.,Andre Scott MD,Politics,German,2.93,20,2011
232,Evidence evidence I everyone.,Christopher Lewis,Science,French,2.6,791,2012
233,Stage get get someone.,William Morrison,Philosophy,Hindi,3.56,150,2015
234,Poor expect.,Claire Hansen,Technology,Russian,3.91,114,2021
235,Model myself great.,Hayley Becker,Music,Russian,4.11,692,2022
236,Issue like whatever.,Ashley Franco,True Crime,Italian,2.21,384,2012
237,Positive measure some.,Jennifer Lopez,Technology,German,2.34,488,2014
238,Across close.,James Walsh,Health,Italian,4.92,678,2008
239,Ten arrive perform.,Robert Bates,True Crime,Portuguese,2.49,822,2023
240,Against during positive interest.,Jennifer Fernandez,Music,French,4.45,839,2017
241,Together stage little miss.,William Woods,History,French,2.43,891,2010
242,Beyond gun allow increase.,Ashley Chambers,Society,Russian,2.57,450,2018
243,If treat seven interesting.,Travis Byrd,Business,Russian,3.57,303,2009
244,Speak require.,Russell Day,Education,Hindi,3.28,883,2017
245,Population outside where include.,Kristin Wilcox,Education,Arabic,2.93,430,2008
246,Night discover.,Christopher Weaver,Health,French,4.58,700,2009
247,Apply form see lawyer.,Stephanie Baker,Sports,Spanish,3.85,648,2019
248,Real senior vote agent discuss.,Christopher Juarez,True Crime,Chinese,2.08,457,2007
249,Street defense doctor cost.,Donald Lloyd,Business,Chinese,2.74,728,2022
250,Here attention accept.,Christopher Dickerson,Business,German,2.24,106,2018
251,Bit risk coach.,Craig Simon,Business,Hindi,3.68,204,2008
252,Government offer well side.,Katherine Sweeney,Lifestyle,Italian,2.81,442,2023
253,Role assume item goal.,Christina Hood,Science,Portuguese,4.12,53,2009
254,Rise coach.,Sara Fisher,Science,Portuguese,2.48,475,2015
255,Mouth last figure.,Patricia Perez,Health,Chinese,3.92,535,2020
256,Yard outside.,Julia Brown,True Crime,Arabic,3.9,367,2015
257,Perform else tell test question.,Ross Bond,Politics,German,2.75,507,2015
258,Already black.,Randall Holmes,Philosophy,French,2.56,782,2022
259,Left ok hold.,Monica Foster,Sports,Portuguese,2.52,903,2011
260,Product focus feeling.,Michelle Thomas,News,Spanish,2.81,780,2006
261,Human cultural by dog.,Todd Herrera,Business,Italian,3.46,582,2019
262,It rest development crime.,Richard Taylor,Business,French,3.41,71,2023
263,Animal economy best.,Heather Morgan,Politics,Chinese,2.55,318,2020
264,After movement else.,James Webster,Sports,German,4.95,15,2012
265,Situation grow main.,Lindsay Torres,Health,Russian,3.51,991,2009
266,Prove production grow idea.,Mary Wiggins,Music,Italian,4.01,574,2008
267,Issue way prepare.,Timothy Turner,Politics,Arabic,4.95,266,2007
268,Ever factor.,David Gonzalez,Comedy,English,3.97,389,2008
269,Partner memory Mr five stop.,Luis Ferguson,Lifestyle,Arabic,4.35,44,2008
270,Party which.,Rachel Wilson,Technology,Hindi,3.85,699,2018
271,Range kind probably.,Cassidy Valdez,Science,Russian,2.52,430,2023
272,Sort citizen.,Megan Ellis,Comedy,Russian,3.61,704,2005
273,Exactly just.,Deborah Hicks,Health,Arabic,2.77,36,2014
274,Near building.,Frank Duncan,News,English,2.86,45,2005
275,Provide admit.,Zachary Jones,Technology,Arabic,2.27,722,2014
276,Data machine field phone.,Vanessa Lee,Society,Chinese,3.78,649,2006
277,Live stop stock.,Jonathan Scott,Lifestyle,Arabic,2.24,900,2011
278,Different family tend.,Jennifer Martin,Science,Russian,2.92,781,2010
279,Result particularly key.,Kyle Mayo,Health,French,3.71,697,2006
280,Win growth century.,Laurie Harrison,Science,Russian,3.62,415,2020
281,Job process country into since.,Brandy Santana,Technology,Chinese,2.73,574,2024
282,Trial affect.,Cindy Benton,Education,Russian,3.34,121,2011
283,Ability many.,Eileen Thomas,Comedy,Arabic,3.66,434,2012
284,Cause development white.,Megan Ward,Health,German,4.33,605,2025
285,Forget carry.,Melanie Miller,Science,German,4.61,468,2015
286,Single cut sea.,Jesse Fuentes,Comedy,Italian,4.84,571,2011
287,Section customer.,Tyler Adams,Comedy,Chinese,3.73,484,2018
288,Former property recent.,Amber Mckenzie,Education,Italian,3.72,482,2022
289,Test culture test light.,Jeanne Martinez,Health,Spanish,2.09,795,2022
290,Believe music real create skin.,Jonathan Braun,History,Hindi,3.68,788,2007
291,Morning culture team focus middle.,Dr. Mallory Quinn,Comedy,French,3.32,474,2019
292,One figure page.,Melissa Vaughn,Sports,Chinese,2.93,968,2011
293,Feeling against.,Joshua Flores,Education,Hindi,2.56,981,2014
294,Over off.,Charles Obrien,Education,Spanish,4.45,359,2021
295,Store person.,Phillip Wong,Sports,Chinese,3.16,775,2024
296,Such hot member.,John Gregory,Business,German,2.02,313,2022
297,Include factor herself.,Thomas Medina,Technology,Hindi,3.03,155,2011
298,Really pattern.,Amanda Lewis,Philosophy,Hindi,4.66,785,2008
299,Under body piece democratic.,Javier Abbott,Science,Portuguese,4.93,906,2023
300,Hand whole respond.,Rebecca Blackwell,Music,Hindi,2.67,907,2013
301,Respond five tax term.,Alicia Rogers,True Crime,Italian,2.32,980,2016
302,Environmental radio character.,Justin Dyer,Science,Spanish,3.67,505,2025
303,During little.,Howard Roberts,Philosophy,English,3.57,662,2010
304,Reduce off staff management.,Kayla Strong,Lifestyle,English,4.34,959,2021
305,Medical think reflect.,Isaac Martin,Science,French,2.56,72,2016
306,Successful type training go.,Phillip Frazier,History,Spanish,3.86,904,2011
307,Yes sea result.,Christopher Tucker,Sports,Arabic,2.81,432,2013
308,Even can treat.,Dawn Sellers,News,Arabic,2.21,642,2005
309,Conference government their.,Angela Anderson,Science,Hindi,4.5,324,2022
310,Though admit summer.,William Green,Music,Russian,2.2,287,2015
311,Ahead important history.,Justin Mccormick,Sports,Hindi,3.53,102,2022
312,Third he.,Douglas Fisher,Lifestyle,Russian,2.27,549,2020
313,Now discussion matter get.,Becky Lawrence,Science,Spanish,3.63,751,2024
314,Under national must allow born.,Judy Williams,Education,Russian,3.25,574,2006
315,Somebody despite explain life.,Carla Williams,Music,Italian,2.89,542,2024
316,Opportunity very pretty.,Richard Hamilton,Politics,German,3.81,812,2025
317,Either return fact risk truth.,Douglas Wong,History,Hindi,4.94,56,2024
318,Trade early.,Adam Smith,Lifestyle,Chinese,3.99,914,2019
319,Plant message never hard.,Nancy Peterson,Comedy,Spanish,4.78,368,2018
320,Song man south.,Nicole Hogan,Sports,French,2.72,542,2010
321,People throughout within.,Justin Miller,Business,Hindi,3.99,529,2021
322,Really attorney fly size.,Christopher Cameron,Education,German,2.92,387,2021
323,Catch myself want per.,Anthony Donaldson,Science,Chinese,3.05,968,2005
324,Number sing.,Ashley Hodge,Politics,Russian,4.8,158,2017
325,Different opportunity sometimes.,Lindsey Mann,Business,Russian,4.1,734,2012
326,Painting case.,Courtney Sexton,Society,Portuguese,2.01,251,2021
327,Impact onto respond from threat.,Amanda Brown,Sports,Italian,3.73,884,2015
328,Election voice citizen.,Michael Williams,Technology,German,2.75,299,2021
329,Religious add rich light.,Dawn Jensen,True Crime,Hindi,3.94,449,2015
330,Ahead behavior might decade memory.,Jason Duarte,Comedy,English,3.15,688,2015
331,Stand evening customer down then.,Amy Lopez,Society,English,3.2,675,2008
332,Lawyer where avoid account teacher.,David Cunningham,Education,Spanish,3.46,297,2010
333,Follow believe life.,Robert Dixon,Philosophy,Russian,4.89,162,2016
334,Such point space.,Valerie Rodriguez,Politics,Portuguese,4.44,547,2008
335,Research necessary agent.,Annette Jordan,Sports,Arabic,3.48,669,2009
336,Best entire.,Sharon Martinez,Business,English,4.51,342,2014
337,Discussion ever camera.,Ashley Smith,Health,Portuguese,3.73,508,2023
338,Mind positive point local.,Elizabeth Torres,Sports,Portuguese,3.35,145,2005
339,Call view south.,Melissa Cohen,History,Russian,4.45,17,2019
340,Including mission hit whether skill.,Joshua Gonzalez,Music,English,2.32,217,2025
341,Spend number both position.,Andrew Williams,Technology,Chinese,2.51,699,2006
342,International western general.,Nicole Butler,Technology,Portuguese,4.66,126,2022
343,Really bed body game.,Mrs. Megan Matthews DDS,True Crime,English,4.72,718,2005
344,Front suffer technology whatever.,Ryan Luna,Health,English,3.18,343,2017
345,Ten production similar.,John Anderson,Lifestyle,Hindi,2.6,227,2009
346,Society approach help should.,Scott Delgado,Philosophy,French,2.76,888,2016
347,Treat look too.,Willie Nichols,News,Arabic,3.04,456,2008
348,Total environmental particularly time.,Alexis Clayton,Science,Chinese,2.58,410,2011
349,Heart environmental real ball.,Kevin Ryan,Comedy,Russian,3.75,381,2008
350,Experience situation three position part.,Jacob Thompson,Science,Russian,4.7,36,2006
351,Clearly knowledge four impact account.,Ross Johnson Jr.,Sports,English,4.85,556,2021
352,Case me let.,Megan Ferguson,Health,German,3.27,252,2021
353,Could pull source tough.,Jessica Morales,Society,Spanish,4.59,64,2007
354,Too agent home cold.,Timothy Gibson,Politics,Chinese,3.82,534,2019
355,Something mean agree.,William Anderson,Sports,Spanish,4.91,699,2005
356,Money class.,Tina Perez,Sports,Russian,4.18,577,2019
357,Environmental old water country can.,Lauren Clark,Philosophy,English,2.08,941,2007
358,Process side few.,Toni Torres,Society,French,2.16,830,2013
359,Crime lose better.,Melissa Cuevas,Health,English,3.24,965,2008
360,Bar budget radio network.,Faith Wright,Technology,Chinese,2.15,161,2013
361,Finish what just movement piece.,Brandon Cruz,Health,Spanish,2.46,406,2012
362,Off gun issue arrive.,Megan Richardson,Sports,Hindi,4.73,590,2008
363,Any leader professor.,Stephanie Mann,Business,Arabic,4.21,693,2006
364,City season that religious.,Thomas Castillo,Lifestyle,English,3.47,156,2023
365,Fear describe condition.,Michelle Sweeney,True Crime,Italian,4.32,663,2023
366,Plan plan consumer.,Ryan Hayden,Comedy,French,3.78,753,2020
367,Court organization what bring budget.,Megan Gordon,True Crime,Hindi,3.73,743,2008
368,Job region tonight always large.,Matthew Mueller,Comedy,Portuguese,4.95,697,2010
369,Baby himself movie in.,Sheila Gay,Music,Portuguese,4.69,243,2009
370,Threat good make professor school.,Laura Miller,Business,German,4.65,217,2005
371,Interest first quality.,Travis Smith,History,Russian,3.82,22,2012
372,Energy exactly.,Jill Johnson,Business,English,2.95,739,2005
373,Local discuss to way.,William Guerrero,Sports,French,3.01,348,2013
374,Building majority catch music.,Brett Smith,Lifestyle,Arabic,3.26,313,2020
375,Film keep its blue.,Karen Foster,Comedy,English,4.06,390,2008
376,From because.,Clifford Miller,Education,Portuguese,4.85,83,2013
377,Majority story happen participant.,Elizabeth Evans,News,Hindi,2.03,485,2013
378,Age yeah.,Cynthia Perez,Education,Hindi,3.82,15,2006
379,Back great probably summer.,Mary Burke,Technology,Hindi,2.3,635,2017
380,Discover blood.,Charles Garcia,Society,Russian,2.85,181,2013
381,Two anyone image father.,Amanda Johnson,News,Hindi,2.55,458,2018
382,Production attorney.,Robert Young,History,Chinese,2.49,109,2014
383,Unit town worry wife wall.,Michael Colon,History,Italian,2.2,53,2009
384,Hit loss.,Jasmine Bell,Sports,Chinese,4.29,651,2023
385,I start side surface require.,Johnathan Travis,Technology,English,4.65,306,2021
386,Who could me.,Erik Smith,Music,French,2.6,80,2023
387,Condition north single way.,Justin Harrison,History,Italian,4.81,197,2024
388,Per surface well painting real.,Robert Matthews,Business,Arabic,3.15,877,2015
389,Unit enjoy finally human.,Sara Richards,Philosophy,Russian,4.13,574,2005
390,Treat most.,Brandi Cowan,Comedy,Chinese,2.31,579,2017
391,White task tax.,James Ward,Philosophy,Chinese,2.84,495,2008
392,Country very.,Jennifer Baker,Education,Russian,4.22,254,2024
393,Stuff front provide receive.,Brenda Smith,Business,Spanish,4.08,746,2006
394,Prepare idea.,David Webster,Music,Chinese,3.1,543,2011
395,Case man not although pick.,Monica Reed,Comedy,Arabic,4.47,385,2023
396,Throw positive along art.,Jason Smith,Music,Portuguese,4.63,1000,2020
397,Senior even.,Henry James,Politics,Italian,4.94,167,2008
398,Stock detail far key.,Brittany Bell,Business,English,4.39,745,2025
399,Manage apply here.,Michael Lewis,Technology,Chinese,3.14,813,2011
400,Name around study.,Bradley Jacobs,True Crime,Italian,2.99,419,2020
401,Probably thus then industry quickly.,Gary Garcia,Health,English,4.97,672,2008
402,Probably bad.,Christopher Shaw,News,Hindi,5.0,384,2012
403,Firm without.,Sheri Black,History,Russian,4.23,740,2005
404,Leader believe nor.,John Miller,Business,Portuguese,2.01,230,2011
405,Growth bad every woman long.,Javier Jones,Science,German,4.78,293,2011
406,Raise third very investment anything.,Jamie Griffin,Science,Arabic,2.89,280,2007
407,Song own wind environmental.,Mary Solomon,Sports,Italian,4.49,865,2010
408,Artist several free.,Nicole Scott,True Crime,Chinese,2.75,781,2017
409,Guy should message until option.,David Jones,Lifestyle,German,3.12,925,2007
410,Her hot series.,Edward Cochran,History,German,4.52,139,2019
411,Fire meeting dog be.,Emma Cole,Health,Russian,3.16,815,2018
412,Pay sit form section.,Gerald Guerrero,Health,German,2.36,439,2017
413,Budget break method.,Victor Cook,Sports,Spanish,4.81,772,2006
414,Throughout they.,Mary Lucero,Science,Italian,4.97,378,2008
415,Travel month.,John Carter,Politics,English,4.22,314,2013
416,Star must.,Katherine Pierce,Philosophy,Italian,2.83,14,2024
417,Article answer somebody.,Michael Morales,Science,Chinese,4.11,441,2025
418,Reflect threat specific.,Michelle Calderon,Society,Hindi,2.29,44,2015
419,Sell time hot deep hospital.,John Smith,Politics,German,3.91,415,2025
420,East glass create.,Debra Ramos,Music,English,4.13,269,2025
421,Current dinner election.,Ryan Richardson,News,Chinese,2.74,311,2006
422,Include red.,Catherine Clarke,Philosophy,Russian,3.68,369,2005
423,Task chair start simply focus.,Jimmy Turner,Sports,Spanish,2.28,433,2014
424,Close television great prevent.,David Miller,Society,English,4.23,75,2012
425,Sometimes left believe coach.,Terri Snyder,Society,Russian,3.22,92,2009
426,Business here represent he.,William Espinoza,History,French,3.98,806,2010
427,Response our simply central ask.,Jennifer Webster,Health,Portuguese,2.27,452,2021
428,Movement Mrs interest into least.,Emily Ali,Politics,French,2.39,833,2007
429,Name rather save serve.,Elizabeth Hall,Politics,Arabic,3.48,161,2016
430,Simple responsibility.,Sabrina Scott,Lifestyle,English,3.1,41,2022
431,Cause option machine reality.,Richard Shaw,Health,Italian,3.3,821,2022
432,Artist test good down.,Jillian Kelley,Politics,Russian,2.47,530,2005
433,Have manager between century.,Gabriel Hunt,Business,Spanish,4.0,932,2010
434,Perhaps hot can.,Jessica Taylor,Comedy,Italian,4.48,689,2022
435,Minute season.,Craig Guerra,Business,Russian,3.8,888,2012
436,Baby fine I.,Shane Henderson,News,Italian,3.54,515,2018
437,Capital blood seem least.,Anne Kidd,Health,Hindi,2.31,872,2005
438,Report expect reality.,Benjamin Rivera,Technology,Russian,4.29,40,2023
439,Treatment song.,Timothy Thompson,True Crime,German,4.57,394,2019
440,Open road policy building Democrat.,Taylor Chandler,Music,Italian,3.58,432,2025
441,Financial water owner.,Kimberly Powers,Philosophy,Arabic,4.39,404,2010
442,Kind my human relationship.,Kurt Jackson,Comedy,Portuguese,4.89,648,2019
443,Argue realize traditional kitchen.,Aaron Fuller,Science,German,2.2,143,2007
444,Bit property understand back hit.,John Long,Science,English,4.08,587,2016
445,Current process star all.,Nicole Mason,Comedy,English,3.9,940,2014
446,Strategy answer life.,Christopher Conner,Philosophy,Spanish,2.24,95,2018
447,Education myself owner.,Mr. David Snow,Business,Portuguese,3.24,82,2020
448,Especially different huge inside long.,Angel Knapp,History,English,2.27,882,2012
449,Prevent industry degree wind.,Jamie Anderson,Lifestyle,Hindi,3.56,787,2007
450,Action little outside.,Patricia Jackson,Society,Chinese,3.05,922,2006
451,Daughter though strong majority Mr.,Crystal Day,Technology,English,4.78,231,2019
452,Everybody heavy.,Jordan Brown,News,Russian,3.13,256,2017
453,Can use see.,Sierra Long,Comedy,Arabic,2.54,491,2008
454,Nation father yeah.,Benjamin Moore,Sports,Spanish,3.66,585,2010
455,Amount less.,Douglas Jones,Sports,German,3.93,504,2025
456,Oil threat community but.,Johnny Wong,True Crime,Russian,4.07,901,2025
457,Step long get heart.,Ann Williams,Health,German,2.22,703,2011
458,Ready moment alone population along.,Patrick Ramirez,Music,Hindi,4.33,718,2015
459,Nearly thank.,Emma Castillo,News,Arabic,4.74,963,2019
460,Nature deal anyone here.,Taylor Diaz,Business,Portuguese,3.94,901,2024
461,Democratic off.,John Smith,Technology,English,4.4,219,2023
462,This buy produce hotel.,Carrie Moore,Politics,German,3.75,360,2025
463,Determine in garden across.,Betty Boyd,Sports,Spanish,2.82,848,2007
464,Head media situation.,Sara Clarke,Education,Chinese,4.3,710,2010
465,Usually follow camera stay.,Deborah Bradshaw,Philosophy,Portuguese,3.98,54,2025
466,By exactly experience situation.,Ernest Rogers,Education,French,3.52,72,2014
467,While professor listen film.,Anne Ray,Science,Arabic,3.32,984,2024
468,Movement describe.,Ruben Reyes,Science,Hindi,2.06,21,2006
469,Room focus something dinner.,Kent Brown,Science,German,3.2,782,2012
470,Never old could fly raise.,Kevin Fry,Society,Chinese,4.59,584,2015
471,Fast each song ten wonder.,Michael Acevedo,Health,German,4.25,451,2005
472,Might stop policy Mrs.,Joshua Cline,Business,English,2.63,943,2018
473,Quite data because study.,Phillip Brown,Education,Italian,4.54,612,2021
474,Establish story own.,Anthony Leonard,Philosophy,Arabic,2.19,124,2017
475,Phone television run early wear.,Erin Simpson,News,English,3.52,68,2021
476,Both see.,Mr. John Smith PhD,Comedy,English,4.08,247,2020
477,Each recognize size hand.,Shawn Weber,Business,Spanish,3.9,770,2011
478,Spring institution debate hundred.,Isaac Miller DDS,Business,French,3.2,537,2016
479,Similar consider discuss.,Joe Baird,Health,Portuguese,4.77,422,2019
480,Fly agreement skin.,Kelly Bell,Politics,Italian,2.7,319,2022
481,Return summer under maintain.,Randy Fernandez,Lifestyle,French,2.66,71,2009
482,Your car card.,Warren Thomas,Science,German,4.55,325,2009
483,Professional entire exist for.,Melinda Avila,Health,Portuguese,2.23,680,2012
484,Various measure rock.,Patricia Cook,Science,Italian,2.82,91,2021
485,Debate bed.,Robert Moses,True Crime,Arabic,4.27,57,2011
486,Chair figure.,Denise Weaver,True Crime,Chinese,2.69,690,2023
487,Federal dark blue significant west.,Bryan Bennett,Sports,Chinese,2.65,533,2023
488,Training risk Democrat.,Diana Wyatt,Society,Hindi,4.77,383,2018
489,Institution board hot apply task.,Rebecca Brooks,Lifestyle,Arabic,2.4,560,2006
490,Cultural board military style into.,Brandon Castro,Comedy,Russian,4.4,681,2016
491,Rule with at he pressure.,Kevin Delgado,Business,German,3.45,625,2009
492,Black shoulder return appear.,Karl Young,True Crime,Hindi,4.79,798,2015
493,Perform east.,Zachary Smith,Philosophy,French,4.07,30,2008
494,Compare together subject mother those.,Linda Smith,History,French,4.8,316,2021
495,Spring ask peace resource.,Robert Ramirez,Health,Chinese,4.24,227,2025
496,Miss seek.,Mrs. Alice Price,Politics,French,4.27,798,2013
497,Food pretty time now special.,Rodney Flynn,History,Arabic,2.18,573,2006
498,Difference mission.,David Mcguire,Sports,Italian,2.09,420,2011
499,Example training.,Gary Ross,News,English,2.52,498,2022
500,Teacher perform find past.,Regina Martin,Health,Spanish,2.78,39,2024
501,By fact.,Stephanie Aguilar,Society,Chinese,2.05,902,2016
502,Young security return tend.,Kimberly Nichols,Science,Arabic,4.81,767,2019
503,After boy necessary poor history.,Ronald Rodriguez,Science,Hindi,2.95,164,2007
504,Take economic from public.,Tammy Murray,Music,Arabic,2.83,161,2018
505,Matter sell challenge.,Lee Davis,Society,English,4.37,922,2008
506,Feel risk feel student across.,Andrew Hudson Jr.,Music,Chinese,2.26,271,2005
507,Hair you interest author nor.,Adam Murphy,Politics,German,3.52,967,2015
508,Wrong large.,Donna Hebert,News,Chinese,2.46,505,2021
509,Specific those.,William Floyd,Music,Russian,2.33,82,2012
510,Spring image five.,Robert Jones,Health,Portuguese,2.86,230,2021
511,Light truth this.,David Hall,Sports,Hindi,2.6,445,2005
512,Politics seem picture well.,Dennis Carney,Lifestyle,Arabic,3.17,916,2009
513,Poor family smile.,Audrey Bell,Lifestyle,Portuguese,2.66,484,2022
514,More choose.,Sarah Martinez,Business,Portuguese,3.07,909,2025
515,Federal nation up special management.,Thomas Hudson,Comedy,Italian,2.2,711,2015
516,But and push.,Kristen Brown,Health,Arabic,2.87,231,2019
517,Pattern carry know oil.,Ronald Thornton,Lifestyle,Arabic,2.77,828,2021
518,Story end two ability.,David Case,Comedy,Arabic,3.88,957,2017
519,Class now.,Ernest Johnson,Comedy,Arabic,3.02,828,2012
520,Movement easy anyone.,Nathaniel Hull,News,French,3.49,542,2008
521,Charge politics before more.,Eduardo Friedman,News,Portuguese,4.21,377,2009
522,Increase week your.,Teresa Pacheco,Technology,French,4.74,459,2013
523,Four few chair standard cut.,Katie Smith,Politics,English,4.36,158,2021
524,Tv exactly.,Mr. Stephen Smith,Sports,French,4.43,915,2020
525,Realize room.,Martin Mccormick,Sports,German,2.35,53,2012
526,Stock popular pass role.,Andrea Lewis,News,German,4.91,306,2021
527,How already.,Billy Carter,News,English,4.77,99,2014
528,Be investment discuss for fast.,Tamara Nelson,Sports,Arabic,2.28,709,2020
529,Section keep game box.,William Norton,Society,Arabic,3.51,724,2017
530,Security feeling my her.,Bruce Gates,Sports,Italian,2.46,552,2021
531,Ok wife forward sense.,Travis Hoover,Society,Chinese,2.47,922,2020
532,Trial marriage will.,Amanda Navarro,History,French,2.48,562,2023
533,Reality to.,Cynthia Moore,Health,German,2.91,44,2016
534,Brother better ready receive.,Shannon Anderson,True Crime,Chinese,4.59,704,2006
535,Spring information some.,Brandon Tate,Health,Chinese,3.48,590,2025
536,Eye poor reach tell bed.,Ivan Smith,Lifestyle,English,4.76,359,2019
537,Worker face hundred.,Nicole Curry,Music,German,2.84,874,2024
538,Effort suddenly affect crime.,Alexander Williams,Lifestyle,Hindi,3.92,868,2025
539,Surface early.,Kathy Cole,History,English,3.9,567,2010
540,Arm listen from.,Keith Lee,Health,Hindi,3.12,592,2018
541,Son area range natural.,Lisa Li,History,Hindi,4.9,887,2008
542,Together already week year.,Kayla Dudley,Society,Hindi,4.49,885,2008
543,Between value minute support.,Jon James,Sports,Portuguese,4.05,52,2008
544,Might food hand.,Natasha Woods,Science,Arabic,4.85,134,2010
545,Conference think.,Terry Thomas,Business,Arabic,3.37,313,2010
546,Without public picture range.,Karen Reyes,Politics,Hindi,3.71,238,2024
547,Relate them upon.,Julie Griffin,Science,Italian,4.48,53,2006
548,Economic food world company.,Jacob Simmons,Sports,Spanish,4.73,672,2008
549,Wonder word whether.,Crystal Gonzalez,Comedy,Chinese,2.21,589,2014
550,Fact thing.,Jacqueline Spencer,Philosophy,Russian,3.05,860,2017
551,Year reality you.,William Cruz,Technology,Russian,4.31,599,2021
552,Citizen owner.,Kristina Brennan,Philosophy,Italian,2.6,570,2010
553,Push wait.,Connie Wilson,True Crime,Portuguese,2.38,142,2017
554,Necessary item little.,Holly Rose,History,Chinese,3.11,24,2020
555,Single sense sister.,Oscar Lee,History,Spanish,3.44,299,2010
556,List much edge.,Peggy Zimmerman,Technology,English,2.7,815,2021
557,Defense event.,Andrew Stone,Comedy,French,2.37,692,2021
558,Pressure himself family half.,Hailey Watts,Comedy,German,3.72,200,2010
559,Rich establish loss gun.,Natalie Spence,Health,Russian,2.16,23,2018
560,Deal enjoy evidence lead ok.,Nancy Lee,Science,French,3.57,506,2022
561,Particularly not new staff.,Brenda Dodson,Music,French,2.29,459,2017
562,Care full.,William Wilson,Society,Russian,4.76,325,2019
563,Star wall in room.,Erika Hall,Education,Hindi,3.88,714,2008
564,Name available.,Deborah Carroll,Music,Chinese,2.48,286,2005
565,Agree paper usually.,Jennifer Velasquez,Business,Italian,4.35,656,2017
566,Fact learn.,Tamara Hobbs,Technology,Hindi,3.61,244,2018
567,Top marriage so hold top.,Kim Hurst,Philosophy,Italian,3.93,89,2006
568,Answer yeah from think.,Marissa Perez,Music,Chinese,3.99,741,2005
569,Laugh do agreement.,Bethany Boone,Business,English,4.83,460,2017
570,Her quickly myself western.,Elizabeth Campbell,Science,Spanish,3.2,104,2005
571,Become interview history lot do.,Melissa Patton,Sports,Arabic,2.09,495,2010
572,Model style.,Bryan Daniel,Business,Hindi,2.25,260,2017
573,Mr wish.,James Velasquez,Business,Arabic,4.57,220,2022
574,Sit go great.,Kathy Bowers,Education,Spanish,4.29,358,2025
575,Strategy store teach.,Jesse Miller,Sports,Italian,2.53,63,2024
576,Family fight operation close.,Brian Brown,Health,Hindi,4.77,684,2009
577,Require quite director.,Luis Rodriguez,Politics,Russian,2.56,650,2016
578,Hotel notice arrive.,Raymond Colon,Health,Italian,4.79,318,2014
579,Home arrive model including.,Michael Newman,Education,Arabic,3.11,336,2021
580,We window stock list.,Robert Simmons,Lifestyle,Hindi,3.18,640,2005
581,Common cup.,Rachel Morgan,Sports,Russian,4.07,116,2016
582,Owner bank approach race tax.,Robert Saunders,True Crime,Arabic,4.05,56,2012
583,Stand affect reduce.,Angela Morales,Lifestyle,Arabic,3.48,199,2018
584,Class check ability.,Daniel Smith,Society,Russian,3.99,942,2005
585,Hit because west hundred.,Elizabeth Joseph,Health,English,3.17,915,2022
586,Radio north.,Lisa Mccarty,Education,Chinese,4.29,940,2016
587,Although next.,Chelsea Johnson,Sports,Hindi,3.17,31,2020
588,Save raise together.,Jacob Baker,News,Russian,4.98,140,2021
589,Thus so when myself.,James Simmons,Science,Portuguese,4.16,853,2010
590,Meet alone conference process.,Leah Chen,News,English,4.65,228,2015
591,Necessary everything main could high.,Emily Swanson,Comedy,French,4.58,400,2010
592,Difference hand wear.,John Murray,Philosophy,Italian,2.03,460,2012
593,Speech threat bank.,Cynthia Johnson,Music,English,4.13,786,2024
594,Learn audience loss.,Amy Johnson,History,Spanish,2.1,76,2010
595,Wish safe thing story.,Jeremy Chavez,Technology,Hindi,3.32,61,2021
596,Hospital free mean throughout fish.,William Mullins,Business,Chinese,4.09,679,2016
597,Huge house return.,Jesse Thomas,Technology,Italian,4.32,217,2005
598,Movie within back according.,Mark Reynolds,History,Italian,4.46,360,2025
599,Culture prevent him.,Michelle Robinson,Comedy,German,3.31,642,2016
600,President should size get.,Jasmine Martin,Comedy,Portuguese,2.54,155,2013
601,Property next.,Randall Tucker Jr.,Comedy,Hindi,3.8,278,2020
602,Eye beautiful safe affect.,Kyle Russell,Business,German,4.03,639,2010
603,Whether song then fill.,Charles White,Education,Portuguese,4.13,125,2014
604,Member lawyer cold image.,Christopher Wong,News,German,2.81,980,2020
605,Sit especially bill want official.,Amber Garcia,History,Chinese,3.91,653,2025
606,Large knowledge interest.,Lisa Harding,Music,Arabic,3.36,314,2017
607,Tend offer.,Adam Cruz,Science,Spanish,2.67,185,2005
608,Modern full military data trade.,Julie Scott,Lifestyle,Spanish,2.63,12,2020
609,Stay wife two.,Madeline Watson,News,German,3.25,649,2019
610,Born dream environment east.,Melanie Schmitt,History,Portuguese,3.75,854,2021
611,Involve food senior soon himself.,Nicole Hoover,Health,Spanish,3.89,910,2014
612,Threat top design.,Richard Gallagher,Lifestyle,Arabic,4.23,421,2023
613,If activity.,Karen Martin,True Crime,Russian,4.02,661,2005
614,Play within.,Francisco Willis,True Crime,Portuguese,3.81,277,2025
615,Agent face almost family.,Stephanie Hunter,Music,English,4.27,918,2021
616,Lay remember each around machine.,Tracey Kim MD,Technology,Italian,2.62,476,2016
617,Must why along spring now.,Susan Knapp,Music,Hindi,3.62,574,2014
618,Goal teach whose hold.,Nicholas Turner,Education,Arabic,3.01,450,2025
619,Fly field people new.,Christopher Stevens,News,English,4.25,720,2009
620,Despite door.,Alexa Richardson,History,French,2.68,970,2020
621,Room apply best professional.,Luke Taylor,Politics,Chinese,3.1,977,2017
622,Hundred support once.,Craig Spencer,Society,Russian,3.5,148,2020
623,Save condition explain green culture.,Bruce Thompson,Music,German,2.51,130,2022
624,Stock military.,Michael Ford,Music,Russian,2.99,782,2023
625,Federal rise.,Alexander Shepherd,True Crime,German,3.27,195,2011
626,Week language.,Thomas Hall,Technology,English,3.99,686,2010
627,Way nothing particularly fact friend.,Connie Gordon,Lifestyle,English,4.75,743,2022
628,Cup rather difference big.,Cynthia Davis,Society,English,2.55,487,2009
629,Only open report my.,Annette Alexander,Society,Arabic,2.3,358,2009
630,Them reality seek financial.,Angela Carter,Music,Chinese,4.22,894,2005
631,Including expert argue end.,John Pace,Comedy,English,3.86,600,2017
632,Few both people science red.,Christina Griffith,Music,German,4.62,794,2006
633,Buy probably may.,Luis Harris,Politics,Italian,4.93,432,2019
634,As thank.,Jonathan Gonzalez,Comedy,Hindi,4.39,44,2017
635,Loss all bar program night.,Melanie Johnson,Philosophy,Russian,2.54,877,2006
636,Its explain ever staff.,Warren Kline,History,Arabic,4.83,607,2011
637,From what race very.,Joshua Jennings,True Crime,Italian,2.41,330,2023
638,Them owner knowledge.,Kevin Gates,Comedy,Chinese,3.45,948,2017
639,Energy consider.,Megan Barry,Science,Hindi,4.4,800,2007
640,Together morning individual.,Jennifer Solis,Science,English,3.33,429,2021
641,Attention agreement special century.,Leah Campbell,Comedy,Russian,3.47,342,2009
642,Radio religious.,Allison Grant,Music,Portuguese,3.29,949,2017
643,Fire prepare civil.,Denise Flores,True Crime,Italian,4.05,532,2018
644,Church century mind.,Sherry Ellis,Philosophy,Spanish,3.23,550,2013
645,Instead resource plan although anyone.,Ann Walker,Society,French,4.81,337,2023
646,Thought necessary land determine.,Henry Garcia,True Crime,French,4.28,579,2023
647,Child firm fear TV.,Christopher Burton,History,Russian,2.65,700,2020
648,Clearly purpose.,James Morales,Politics,Spanish,3.08,321,2005
649,Whose million figure.,Bradley Santiago,Philosophy,English,4.41,839,2017
650,Shoulder fish thing church start.,Michael Lopez,Music,Italian,3.63,778,2008
651,Coach with well add.,Shawn Moore,News,Arabic,3.83,678,2019
652,Arrive challenge.,William Marsh,Music,Portuguese,3.26,12,2006
653,Between move couple.,Katherine Johnson,Education,English,3.89,499,2008
654,Size door nation start.,Julie Smith,True Crime,English,3.19,142,2012
655,Can investment.,Chad Owen,News,Portuguese,3.63,80,2005
656,Service provide maybe.,Daisy Lee,Music,Italian,4.21,299,2017
657,Manage most.,Gail Oneal,Education,French,4.32,544,2024
658,Star usually form.,Russell Craig,Science,Spanish,4.32,595,2013
659,Report movement risk.,Alison Berger,Science,German,4.53,37,2022
660,None cut civil about care.,Julia Gonzales,Lifestyle,Arabic,4.71,823,2025
661,Help record industry lot.,Kimberly Newton,Music,Russian,4.5,731,2016
662,Focus American message possible.,Kimberly Collins,Science,Italian,2.58,331,2008
663,Government responsibility anyone mind claim.,Kurt Allen,Education,Chinese,2.69,46,2018
664,Feeling learn eye.,Alexander Conway,History,Arabic,2.72,34,2017
665,Need worry world boy seem.,Lisa Deleon,Society,Spanish,3.39,734,2022
666,Might hospital ask no.,Krista Bryan,Lifestyle,Italian,4.36,466,2008
667,Could culture kitchen.,Mr. Raymond Waller DDS,Lifestyle,English,4.88,837,2017
668,Daughter put.,Daniel Nielsen,Comedy,Arabic,2.73,708,2023
669,Safe someone black our.,Marcus Gilbert,Philosophy,Spanish,4.49,746,2013
670,Real according.,Dalton Fletcher,True Crime,German,4.75,978,2016
671,Indicate believe economic officer.,Kara Baird,Politics,German,3.91,538,2016
672,Local attention feeling.,Debbie Rodriguez,Health,Arabic,2.37,11,2018
673,Population apply election town mention.,Jessica Jefferson,News,German,4.61,12,2016
674,Early door.,Isaiah Dean,News,Arabic,4.32,173,2020
675,Trip sometimes trip coach.,Nathan Sanders,Technology,Portuguese,3.66,627,2010
676,Expert second east.,Robert Owens,Society,Russian,3.2,488,2015
677,Home least live.,Samantha Kennedy MD,Comedy,French,2.39,197,2013
678,Off rich.,Hector Graham,Comedy,Portuguese,2.56,913,2011
679,Across trade far.,Warren Hill,Business,Italian,2.62,276,2006
680,Discover attorney attack.,Eric Wood,History,Hindi,3.94,801,2018
681,Price hope commercial example use.,Michael Hale,Health,Arabic,3.68,851,2010
682,Scientist seven station education place.,Karen Alvarez,Education,Italian,3.34,548,2020
683,No end view decide simple.,Matthew Harrington,Music,Arabic,4.26,982,2005
684,Official sometimes.,Dawn Melendez,Society,German,3.4,378,2014
685,Teach ahead point.,Mary Klein,Education,Arabic,3.12,904,2021
686,Including gas above certain.,Daniel Moreno,Music,Chinese,2.04,466,2005
687,Heavy should actually.,Samuel Brown,Lifestyle,Italian,3.24,531,2013
688,Quality prevent.,Kaitlin Dawson,Philosophy,Italian,3.8,836,2013
689,Their single.,Brandon Roth,Music,English,4.69,79,2017
690,Surface nation amount.,Catherine Hayes MD,True Crime,Arabic,4.15,799,2019
691,Later others fine.,Joseph Greene,Politics,English,2.31,156,2005
692,No force whom wife.,Robert Nguyen,Sports,Arabic,3.37,509,2006
693,Always arm talk.,Jennifer Hamilton,Health,Italian,3.62,440,2009
694,Hospital discuss need.,Matthew Blackwell,Society,German,2.32,643,2009
695,Cost leave pick follow.,Brian Daniels,True Crime,Portuguese,2.03,32,2007
696,Program generation.,Brett Johnson,Politics,English,3.61,350,2018
697,Everything he none guess behind.,Andrea Haynes,Lifestyle,Italian,4.26,414,2025
698,Beautiful down find.,Kara Carr,Music,Italian,3.97,538,2022
699,Traditional southern.,Jodi Gonzales,Sports,Russian,2.1,693,2007
700,Almost man spring.,Garrett Winters,Comedy,Italian,3.02,227,2023
701,Respond hospital person.,Michael Wright,Science,Italian,4.55,492,2025
702,Economy discover win.,Kenneth Cooper,News,English,2.34,942,2010
703,Raise case.,Erika Mclaughlin,Education,Hindi,3.52,984,2015
704,Leg but feel.,Katrina Gilbert,Lifestyle,Spanish,4.03,912,2005
705,Friend attention face mention.,Juan Vargas,Society,Chinese,2.84,443,2023
706,Although heavy lot.,Shelley Mason,Health,Russian,2.29,674,2017
707,Character poor.,Tanya Young,True Crime,Portuguese,2.16,835,2025
708,Ground health boy above.,Carlos Rivera,Music,French,4.04,997,2014
709,Pm leave half charge.,Jennifer Valencia,Lifestyle,Russian,2.68,360,2012
710,Visit trial country.,Mario Mullen,Politics,Italian,3.93,751,2006
711,Lot idea various whatever.,Casey Duffy,Comedy,German,3.54,239,2008
712,Through five war.,Christopher Harris DDS,Health,English,4.43,931,2024
713,Interest cold pressure painting.,Jose Gibson,History,Spanish,4.81,329,2007
714,Science office.,Jonathan Walker,Politics,French,4.91,175,2020
715,Doctor whose city size.,Bradley Bennett,History,Russian,3.5,25,2019
716,International determine manage star.,Jerry Dean,Music,German,2.7,59,2021
717,Easy risk better road.,Christopher Bowen,Philosophy,German,3.15,916,2018
718,Employee as interview.,Edward Greene,Education,Portuguese,2.1,206,2012
719,Do movie million.,Danielle Day,News,Russian,2.61,221,2007
720,Body international around.,Brittney Clarke,Education,Italian,3.89,57,2005
721,Whether character phone town.,Logan Kemp,True Crime,English,4.06,552,2018
722,Government collection mean land Congress.,Keith Dennis,Sports,Hindi,4.67,737,2010
723,Blood sit name personal.,Christine Schmidt,Science,Hindi,2.35,104,2016
724,Last how Democrat goal.,Jeffery Sanchez,Lifestyle,English,2.54,219,2013
725,Anyone magazine visit choose choose.,Devon Hensley,Music,French,3.25,847,2014
726,Consumer whom low.,Amy Harris,True Crime,French,2.06,482,2023
727,Itself laugh minute agreement.,Anthony Allen,Philosophy,Arabic,4.23,809,2005
728,Police chair.,Kelly Mckay,Science,Portuguese,3.51,397,2016
729,News it hope way.,David Harris,Society,Portuguese,4.17,401,2014
730,Eat size available push authority.,Kayla Owens,Comedy,English,2.3,482,2023
731,Which they market matter.,Sherri Brewer,Lifestyle,Russian,3.26,275,2005
732,Full treatment control interesting.,Joseph Baker,Sports,Hindi,4.25,403,2010
733,Learn audience they morning character.,Austin Hinton,Comedy,English,3.58,324,2013
734,Paper like democratic.,Angel Mccall,Lifestyle,Portuguese,2.33,108,2015
735,Writer employee unit people.,Richard Woods,Science,Arabic,3.76,92,2009
736,Close himself car.,Joshua Johnson,Philosophy,Spanish,3.74,822,2015
737,Everyone drop movie.,Robert Smith,Education,Hindi,2.03,561,2022
738,Finally note third green.,Walter Ayers,Lifestyle,Chinese,3.95,890,2018
739,Bill child success cost.,Nicholas Perez,History,French,3.82,457,2023
740,Company protect I order.,Michael Gilbert,History,English,3.16,810,2005
741,Discover see.,Katelyn Mercado,Society,Russian,3.92,833,2009
742,General class final few.,Jessica Wagner,Philosophy,Spanish,2.52,383,2016
743,Face again himself move call.,Jeffrey Lewis,Sports,Hindi,3.34,888,2010
744,Technology food bank indicate.,John Bryant,Technology,Portuguese,4.41,399,2008
745,Page our table administration soon.,Shane Murphy,Philosophy,Arabic,4.01,272,2005
746,Particularly music.,Michael Torres,Lifestyle,English,3.55,944,2017
747,Kid seven.,Nicholas Peters,Lifestyle,Arabic,3.51,819,2012
748,Short military camera visit.,Valerie Navarro,Philosophy,Arabic,3.9,882,2022
749,Since store state.,Sharon Valencia,News,Hindi,3.14,865,2017
750,Door threat should describe.,Thomas Wallace,Politics,Hindi,3.45,205,2022
751,Such of should.,Luis Mason,Health,German,3.6,801,2024
752,Keep top.,Jennifer Cole,Comedy,Arabic,2.48,581,2007
753,Television top partner.,Mr. Jason Gutierrez,Sports,Russian,3.9,463,2016
754,Move matter human whether.,Cathy Turner,Health,Italian,2.14,263,2020
755,Party computer them recently.,Lynn Duke,Health,Spanish,2.68,827,2014
756,Good cultural available.,Lisa Patel,Business,German,3.55,708,2009
757,Score president tax while church.,Carrie Lopez,Lifestyle,French,3.27,906,2006
758,Black person stop.,Kevin Hale,Sports,Italian,4.01,12,2021
759,Include pattern blue case enter.,Kellie Stewart,Sports,Hindi,3.22,698,2010
760,Growth seat government.,Angela Frank,Society,Chinese,2.76,208,2022
761,Religious four meeting answer.,Linda Frost,Comedy,English,4.01,487,2006
762,Vote information medical.,Lindsey Cruz,Health,French,2.27,459,2023
763,Anyone executive.,Eric Johnson,Sports,Italian,2.93,136,2006
764,Information budget go yes.,Patrick Howell,True Crime,French,4.39,380,2010
765,Continue large age respond.,Melinda Knight,News,Portuguese,3.87,240,2007
766,Tonight experience can.,Brian Grant,History,Spanish,2.35,104,2024
767,Ready area wait drop defense.,Dr. Richard Mccarthy MD,Politics,French,2.07,938,2018
768,Also something majority indicate.,Craig Smith,Society,Arabic,4.42,442,2020
769,Sense federal success.,Holly Villa,True Crime,Spanish,3.04,988,2009
770,Floor spring population.,Penny Perry,Sports,English,2.66,193,2019
771,Government response employee.,Elizabeth Wilson,Music,Chinese,2.03,874,2009
772,Walk drug always body.,Janet Landry,Music,English,3.63,419,2023
773,National last eight.,Shelia Evans,Education,Portuguese,4.27,644,2007
774,Lawyer west.,Rebecca Garner,Education,Chinese,4.96,403,2016
775,Service alone raise pick.,William Boone,Health,French,3.04,404,2023
776,Glass realize what.,Bryan Cervantes,Science,Russian,2.61,671,2024
777,View nice staff action.,Adrian West DVM,True Crime,Spanish,2.28,924,2023
778,Head store.,Shane Lozano,News,Arabic,2.75,961,2021
779,Real matter design prove themselves.,Charles Ellison,Business,German,3.96,437,2008
780,Movie rate someone serious ask.,Danielle Young,Health,Chinese,4.44,964,2021
781,Congress cause newspaper may.,Tammy Goodwin,Comedy,French,4.21,232,2015
782,Which among cost protect.,Thomas York,Sports,Chinese,3.62,532,2022
783,Worker reveal somebody.,James Martin,Technology,English,4.56,73,2013
784,Democratic detail imagine.,Rebekah Gutierrez,Society,German,2.37,637,2023
785,Rest difference film force.,William Chavez,Politics,Arabic,3.79,47,2008
786,Skin administration paper.,Amy Wilson,Society,Italian,2.14,827,2018
787,Visit you director them.,Meredith Le,True Crime,Italian,2.88,764,2024
788,Everybody food.,Crystal Fowler,Business,Italian,3.31,90,2010
789,Ahead early memory.,Kerry Stephens,Politics,Chinese,3.28,527,2021
790,Ever study.,Daniel Webster,Comedy,Arabic,4.5,767,2009
791,Many better million.,Angela Walker,Sports,Spanish,4.77,818,2007
792,Commercial brother have community.,Tanya Ross,Sports,English,2.92,567,2022
793,Know join general.,Charles Stewart MD,History,Chinese,4.54,312,2018
794,Have expert.,Carol Brooks,Lifestyle,English,3.94,285,2005
795,Theory guy.,Sara Franklin,Business,Portuguese,4.61,328,2008
796,Word mission interview outside.,April Rodriguez,Politics,Hindi,2.99,587,2007
797,Would week control break.,Misty Schmidt,History,English,4.61,82,2023
798,Box address name talk stand.,Timothy Bennett,True Crime,Chinese,2.4,416,2021
799,Take any until maybe seat.,David Wolfe,True Crime,Russian,3.78,936,2019
800,Key everybody try more.,Kelly Meadows,Comedy,Portuguese,4.02,584,2017
801,Fund by economy.,Ricardo Lawrence,Society,Italian,2.82,460,2013
802,Grow offer yourself value.,Cynthia Lynch,Politics,Spanish,4.21,860,2014
803,Me off have town.,Morgan Watson,True Crime,Arabic,2.5,896,2019
804,Win sea.,Jose Byrd,Sports,Chinese,4.11,206,2015
805,Save drop light.,Ashley Erickson,News,French,3.74,556,2018
806,Surface or.,Janet Klein,Education,German,4.47,705,2014
807,Ok across.,Charles Hall,Health,Italian,2.04,636,2008
808,Kind yourself several dog yard.,Justin Hogan,Education,Hindi,4.54,347,2019
809,Any positive more total suggest.,Brian Thompson,Lifestyle,French,2.08,995,2023
810,Job receive tax.,John Johnson,Music,Arabic,4.3,779,2008
811,Fly pick.,Timothy Cox,Business,German,2.8,682,2007
812,Big quickly school.,Mathew Thompson,True Crime,Chinese,2.46,34,2008
813,This history white family.,Brian Jackson,Sports,Chinese,2.66,703,2005
814,Deep think.,Kathleen Burke,News,Chinese,3.16,788,2007
815,Effort despite store have.,Michael Stokes,Music,Russian,4.43,618,2007
816,Different chair wrong project.,Darryl Harrison,Technology,Chinese,4.42,816,2009
817,Soldier statement author economy.,Nicholas Robinson,Music,Spanish,3.08,59,2006
818,Base yes open.,Samantha Garza,Technology,English,4.76,606,2005
819,Write woman inside.,Stacey Fischer,Lifestyle,Portuguese,3.32,41,2010
820,History discover finally commercial open.,Samantha Hill,Comedy,Arabic,2.95,802,2023
821,Whole those life.,Jamie Lane,True Crime,English,2.53,193,2017
822,Attorney bit future season three.,Arthur Ford,History,Spanish,4.98,980,2019
823,Prove prove add rate.,Jose Green,Politics,Italian,2.7,321,2021
824,Treat single relate.,Edward Brown,History,German,4.82,21,2014
825,Few candidate street bit.,Alfred Elliott,Politics,Italian,4.91,414,2008
826,Cultural far spring campaign.,Zachary Navarro,True Crime,Spanish,3.6,107,2007
827,Stand goal.,Thomas Simmons,Comedy,Italian,3.98,426,2005
828,Enter experience dream.,Amy Burke,Science,Russian,3.49,434,2009
829,Left lose of gas consider.,Kelly Curry,Music,Italian,2.11,72,2010
830,Challenge light ten.,John Ford,Lifestyle,Russian,3.16,433,2015
831,Trade project page.,Angela Daniels,Society,English,3.82,969,2011
832,Between deep bit.,Kimberly Mann,History,German,2.6,44,2025
833,Expert better.,Kimberly Thompson,Technology,Spanish,4.74,113,2019
834,Yes at discuss front.,Rachel Horton,Science,Portuguese,4.15,502,2015
835,Step modern watch anyone.,Michele Hester,Science,Arabic,2.92,858,2007
836,Off able sell present hotel.,Tonya Wright,News,Italian,2.47,223,2005
837,Task yeah yet.,Natalie Bowen,Lifestyle,Italian,3.37,568,2013
838,Apply before way beautiful.,Amy Baxter,True Crime,Portuguese,4.02,320,2012
839,Despite project player.,Lisa Williams,Education,Portuguese,3.04,884,2005
840,Story particular appear middle then.,Crystal Newman,History,Portuguese,2.1,907,2025
841,Chance myself image various.,Reginald Paul,Society,German,4.82,44,2016
842,There player kid.,Ryan Porter,Education,Chinese,2.61,631,2022
843,Traditional maintain already.,Anthony Wright,Music,Hindi,3.22,548,2024
844,Big coach audience travel.,Jeffrey Gray,Lifestyle,Chinese,3.96,897,2024
845,Event perhaps material parent.,Debbie Wright,Politics,French,2.76,999,2024
846,Same through.,Laura Harvey,Science,Hindi,4.54,676,2008
847,Picture cultural small.,Robert Ware,Technology,Russian,3.64,184,2016
848,Building important.,Jennifer Gallegos,Health,French,3.81,682,2024
849,He add hour.,Dawn Hart,Lifestyle,English,4.41,627,2005
850,Director social national.,Glenn Lane,Lifestyle,Portuguese,4.21,109,2021
851,Itself include rest child Mrs.,Jose Cook,News,Italian,4.24,556,2016
852,Again finally deep a.,Laura Navarro,Philosophy,English,2.3,883,2025
853,Short indeed course dog.,William Long,Music,Spanish,3.31,186,2013
854,Institution parent you.,William Ortiz,Education,French,4.87,110,2023
855,Hear that project water.,Katelyn Pugh,History,Portuguese,3.43,961,2015
856,Hospital nothing here pay.,Mark Silva,Lifestyle,German,3.99,913,2006
857,Subject treatment no.,Michael Herrera,True Crime,Arabic,2.81,491,2008
858,However woman information recently.,Eric Martinez,News,Russian,2.37,763,2008
859,Sometimes discussion blood certainly.,Angela Elliott,Society,Italian,3.45,602,2023
860,Stuff dog.,Brandon Woods,Health,German,4.85,921,2018
861,Time moment Mr.,Brooke Joseph,True Crime,Chinese,3.06,818,2011
862,Free responsibility significant whole decade.,Douglas Mays,Music,Italian,2.6,908,2006
863,Apply sing different know whole.,Traci Davis MD,Health,Spanish,3.53,127,2024
864,Office travel always.,Matthew Burnett PhD,Business,French,3.8,168,2012
865,If wall easy.,Mr. Matthew Chan,Health,Hindi,3.09,149,2009
866,Place concern court heart.,Jennifer Ryan,Sports,Russian,3.97,839,2015
867,Type international by.,James Gonzalez,History,English,3.11,517,2013
868,According standard inside.,David Adams,Society,German,3.12,861,2017
869,Benefit decade miss pretty.,Cody Mcgee,Music,Arabic,2.89,861,2007
870,Picture cost enough reduce.,Grace Peterson,Comedy,Spanish,2.3,183,2015
871,Use energy.,Terry Lopez,Education,French,2.92,57,2020
872,Decade follow figure.,Sara Cross,Health,English,2.42,548,2013
873,Near forget from control yes.,Amanda Smith,Comedy,English,2.08,658,2007
874,Expert station store bank.,Jennifer Jones,History,Arabic,2.04,716,2020
875,Back admit me.,Margaret Gray,Sports,Italian,4.72,425,2022
876,Half maybe.,Alexa Gonzalez,Comedy,Portuguese,4.32,442,2008
877,Difference carry.,Dustin Garner,Comedy,French,3.78,978,2012
878,Responsibility on western nor step.,Darren Chang,Technology,Portuguese,4.65,30,2012
879,Exactly city none.,Jordan Johnston,Comedy,Portuguese,2.5,801,2006
880,Anyone quality skin world.,Diana Richardson,Science,German,2.67,334,2024
881,Exist parent president.,Nicole Vasquez,Science,Arabic,4.66,817,2021
882,Project vote.,Erika Cole,True Crime,Russian,4.57,548,2009
883,Detail Republican like.,Mark Brooks,Health,Spanish,2.24,791,2017
884,Director late.,Allen Guzman,True Crime,Spanish,2.71,630,2022
885,Hour letter church sea.,Nicole Mahoney,Science,Portuguese,4.54,233,2022
886,Here writer special.,Preston Hodge,Technology,Italian,4.68,601,2017
887,Only piece hard.,Jeremy Dean,History,Russian,2.13,60,2014
888,Course state media keep small.,Nicholas Velazquez,Comedy,French,3.16,433,2024
889,End finish student.,Derrick Martinez,Health,German,4.75,243,2019
890,Wide mission safe per experience.,Mary Camacho,Comedy,Spanish,4.59,500,2024
891,Like make involve property.,Mary Huerta,Politics,Italian,2.62,418,2014
892,She forward art off.,Michael Barrett,News,German,2.77,744,2017
893,Later these poor admit.,Ryan Caldwell,Business,English,2.64,43,2008
894,Might forget they.,Jose Flores,True Crime,Portuguese,2.14,135,2010
895,Apply employee small adult debate.,Vanessa Richardson,Politics,Hindi,4.48,12,2018
896,Night church much.,Krystal Callahan,Comedy,Chinese,4.66,476,2025
897,Agreement assume protect country determine.,Angela Mccoy,News,Arabic,3.3,162,2008
898,Defense poor executive minute region.,Laura Pena,News,English,3.51,644,2015
899,Court financial.,Daniel Sanchez,Health,English,3.96,885,2024
900,Pattern activity service community Mr.,Eric Reid,Business,French,4.93,214,2019
901,A election five wish.,Mary Smith,Philosophy,Russian,4.97,737,2008
902,Try opportunity two second.,Melissa Flores,Philosophy,German,2.82,864,2005
903,Visit meet.,Joshua Jackson,News,Russian,3.94,137,2020
904,Spring just behavior with.,Robert Gibson,Comedy,Arabic,4.05,437,2023
905,Music within.,Tanya Ortiz,Technology,German,2.18,618,2015
906,Drug allow executive together.,Troy Fitzpatrick,Sports,Italian,3.98,146,2015
907,Consumer finally never team.,Donna Allen,News,French,3.72,685,2009
908,Agent outside race.,Kathleen Figueroa,Sports,German,2.94,516,2015
909,Hour born perform.,Patrick Peterson,Science,Italian,2.42,865,2005
910,Important simple.,Amanda Avila,Science,German,2.01,256,2011
911,Candidate push.,Kenneth Hall,Comedy,Spanish,4.1,841,2011
912,Anyone ok like director.,Janet Stevens,True Crime,French,4.81,951,2023
913,Son change space without officer.,Benjamin Collins,Politics,English,2.57,723,2017
914,Here cup care career make.,Stephanie Rice,Lifestyle,English,2.35,326,2023
915,Cut visit.,Shannon Lawson,Music,Chinese,4.26,977,2022
916,Trade feeling spend wall sign.,David Peters,Education,French,3.1,738,2018
917,Available unit cost science.,Tina Marks,Education,English,2.36,832,2009
918,Because yard.,Scott Ingram,Comedy,Arabic,2.55,637,2024
919,Power which give always risk.,Rebecca Grant,Education,English,4.45,65,2019
920,Stuff painting foreign culture face.,Tamara Thomas,Education,French,4.75,137,2006
921,Interview behavior easy.,Jesse Brown,Lifestyle,Chinese,4.7,732,2022
922,Loss yeah option choose defense.,Robert Stevenson,Health,Russian,3.13,170,2012
923,Home sit.,Chelsea Hampton,Society,Russian,2.59,971,2021
924,Most main worker.,Mr. James Reyes Jr.,Science,Arabic,2.1,580,2013
925,Several effort culture field.,Angela Kemp,Politics,German,4.9,230,2023
926,Red section fact.,Marcus Beltran,Technology,Spanish,4.11,339,2025
927,Oil worry off.,Christopher Kelley,Technology,Arabic,4.68,131,2006
928,Here about party record.,Nicole Thomas,Business,Arabic,3.75,581,2020
929,Continue energy.,Deborah Bowman,Comedy,Italian,2.92,331,2025
930,Left he television.,Thomas Chavez,True Crime,German,2.33,465,2008
931,About live she.,Victor Wolfe,Sports,Arabic,2.71,764,2023
932,Risk key travel beat.,Pamela Norris,Business,German,4.03,748,2012
933,Phone partner hotel their.,Joel Miller,True Crime,German,3.79,288,2008
934,Base collection past approach various.,Jeremy Boyd,True Crime,English,4.13,852,2015
935,Book base fund recent.,Cynthia Nguyen,Sports,Hindi,2.23,641,2024
936,Receive time job.,Justin Pope,Music,German,2.94,667,2023
937,Simply base mind money.,Donald Lewis,Business,Spanish,3.04,486,2017
938,North certain instead notice type.,Debra Arnold,Technology,Spanish,4.97,65,2017
939,The note scene especially color.,Cheryl Martinez,Science,Chinese,3.37,720,2006
940,Decision full former.,Sarah Ward,Health,Arabic,4.93,361,2014
941,Bring likely dark serve.,Zachary Gray,History,Russian,2.63,902,2006
942,Office federal place.,Frank Murphy,Music,French,2.02,780,2019
943,Story president.,Mrs. Theresa Singh DDS,Science,German,4.97,593,2006
944,This loss shoulder blood.,Michelle Fuller,Education,Russian,4.18,229,2021
945,Physical sometimes green book.,Nathan Sutton,Society,Portuguese,3.45,594,2020
946,Everybody necessary wife.,Pamela Duran,Philosophy,English,2.77,686,2007
947,Quality management red.,Tiffany Foster,Technology,Russian,4.64,469,2018
948,Traditional garden impact.,Tracy Brown,Politics,Russian,2.24,66,2008
949,Year billion base respond central.,Alyssa Taylor,Business,Russian,4.54,110,2009
950,Four role family officer beat.,Chris Watson,Lifestyle,Chinese,4.09,855,2017
951,Prepare always.,Dana Pennington,News,Arabic,2.33,84,2020
952,Member along energy ahead.,Douglas Willis,Science,German,2.64,227,2019
953,Data ok professional these morning.,Sharon Ruiz,Lifestyle,Spanish,4.02,121,2017
954,Art some note middle.,Nicole Davis,Politics,French,3.85,825,2013
955,Enough blue cut.,Steven Brown,Business,French,4.66,934,2024
956,Themselves country change guess.,David Singleton,Education,French,3.61,507,2023
957,Son no southern.,Felicia Lewis,True Crime,German,2.8,307,2020
958,High dinner.,Hannah Schroeder,Business,Russian,4.37,694,2008
959,Eat summer receive.,Christopher Baxter,Science,German,4.11,20,2017
960,Director mention leader serve.,Rachel Johnson,True Crime,Chinese,2.57,661,2023
961,Tax risk.,Andrew Porter,History,Arabic,3.07,429,2009
962,Four sign involve.,Angela Ramos,Business,English,3.58,253,2013
963,Increase investment.,David Underwood,News,Arabic,3.71,355,2010
964,Hair meeting big.,Christine Sanchez,Music,English,4.97,456,2014
965,Small people be store.,Michael Kemp,Politics,Italian,2.29,173,2025
966,Outside mission.,Meredith Garcia,Health,Spanish,4.68,894,2019
967,Shoulder goal myself local.,Janet Johnson,Philosophy,Spanish,4.87,372,2025
968,Police director.,Luis Ford,Society,English,2.56,773,2020
969,Every fact.,Kenneth Vargas,Health,English,3.41,737,2008
970,Dream fish recognize simple.,Monica Moon,True Crime,Spanish,4.83,224,2018
971,Nor project.,Amy Clay,Politics,French,4.27,417,2006
972,Per specific town.,Kelly Clark,Politics,German,2.25,641,2023
973,Church official common him.,Bryan Cox,Education,German,4.66,436,2006
974,Standard big those.,Maria Bean,News,English,3.34,318,2018
975,Room skill reflect least hear.,Andrea Reynolds,Comedy,Italian,2.73,253,2019
976,Kind about member finish place.,Timothy Cole,Business,Hindi,2.63,685,2021
977,Soldier machine.,Marcus Owens,Lifestyle,Arabic,3.28,179,2019
978,Tax pick.,Melissa Calhoun,True Crime,French,4.5,417,2009
979,Personal author type.,Gregory Clark,Education,Russian,4.31,110,2007
980,Question career player.,Jason Roman,Society,Russian,3.56,504,2022
981,Production represent color.,Tina Parker,News,Hindi,4.9,838,2019
982,Pick thought new hard.,Dean Brewer,Comedy,Spanish,3.99,265,2008
983,Get approach as thank.,Samantha Silva,Education,Portuguese,3.17,882,2020
984,Exactly movie evidence central.,Pamela Ramirez,Science,Spanish,2.26,704,2007
985,Matter themselves add discover.,John Roth,Politics,Russian,4.11,380,2006
986,Raise as fast.,Paul Gonzalez,Business,Italian,2.41,325,2019
987,Happen identify line tough read.,Amanda Holland,Business,Russian,3.51,695,2018
988,Fire technology realize character past.,Bradley Ellis,News,Russian,4.94,814,2021
989,Situation me Congress environmental.,Crystal Allison DDS,Science,Hindi,3.92,356,2011
990,Need show decade.,Steven Perez,Philosophy,German,3.9,156,2019
991,Dark small six hotel place.,Sandra Allison,Education,Hindi,4.34,216,2012
992,Marriage blood year.,Kayla Rivera,Sports,Portuguese,2.22,261,2018
993,Type hour color.,Kelly Hester,News,English,3.6,843,2011
994,Stuff interesting own gas parent.,Ricky Jones,Society,Portuguese,2.34,685,2023
995,Material especially lot.,Dorothy Miller,Society,Russian,2.46,604,2007
996,Nor two bag.,Jeffrey Ellis,True Crime,French,3.11,718,2022
997,Floor director if office anything.,Daniel Jefferson,Health,English,4.19,963,2024
998,Trouble time blood.,Jesus Foster,Society,Italian,3.58,971,2010
999,Which three strong.,Robert Chambers,Science,Portuguese,2.16,281,2015
1000,There answer allow fact.,Zachary Graves,Philosophy,Portuguese,3.3,167,2020
